Size,NaiveTime,FFTTime
1,0.000007,0.000005
101,0.000127,0.000756
201,0.000496,0.001469
301,0.001109,0.003172
401,0.002740,0.003260
501,0.003377,0.003173
601,0.004540,0.006274
701,0.006197,0.007154
801,0.007916,0.006136
901,0.010391,0.007090
1001,0.012461,0.006074
1101,0.015345,0.013255
1201,0.019045,0.013500
1301,0.022504,0.013515
1401,0.024312,0.012607
1501,0.028243,0.013002
1601,0.033277,0.012475
1701,0.037798,0.012593
1801,0.041315,0.013314
1901,0.045181,0.013676
